Epoch,200
Batch size,32
Optimisation,"sgd = SGD(lr=0.01, decay=1.e-6, momentum=0.9, nesterov=True)"
0	1478094814.6187232	1478094956.5576174	141.9388942718506
5	1478095430.996462	1478095549.2703323	118.27387022972107
10	1478096026.8798187	1478096170.838693	143.95887422561646
15	1478096655.5456014	1478096777.1924214	121.64682006835938
20	1478097260.808448	1478097405.1189115	144.31046342849731
25	1478097890.1878505	1478098018.1233733	127.93552279472351
