Epoch,200
Batch size,32
Optimisation,"sgd = SGD(lr=0.01, decay=1.e-6, momentum=0.9, nesterov=True)"
0	1478094814.6187232	1478094956.5576174	141.9388942718506
