Epoch,100
Batch size,128
Optimisation,rms = RMSprop(lr=0.0001)
Epoch,100
Batch size,128
Optimisation,rms = RMSprop(lr=0.0001)
0,1477999911.7552662,1478000379.6229796,467.8677134513855
5,1478002044.3720489,1478002460.421309,416.04926013946533
10,1478004124.52252,1478004582.5933328,458.07081270217896
15,1478006255.1302915,1478006675.0226355,419.8923439979553
