Epoch,200
Batch size,32
Optimisation,adam = Adam(lr=0.001)
0	1478187544.7104712	1478187689.351674	144.64120292663574
