Epoch,500
Batch size,125
Optimisation,adam
0,1477833876.1488473,1477834141.9858615,265.8370141983032
5,1477835045.064469,1477835270.873406,225.80893683433533
